{
  "id": "",
  "name": "",
  "font_family": "iconfont",
  "css_prefix_text": "icon-",
  "description": "",
  "glyphs": [
    {
      "icon_id": "2076319",
      "name": "播放",
      "font_class": "bofang",
      "unicode": "e8a3",
      "unicode_decimal": 59555
    },
    {
      "icon_id": "2237651",
      "name": "暂停",
      "font_class": "zanting",
      "unicode": "e609",
      "unicode_decimal": 58889
    },
    {
      "icon_id": "13137514",
      "name": "上一首未点击",
      "font_class": "shangyishouweidianji",
      "unicode": "e727",
      "unicode_decimal": 59175
    },
    {
      "icon_id": "13137518",
      "name": "下一首未点击",
      "font_class": "xiayishouweidianji",
      "unicode": "e728",
      "unicode_decimal": 59176
    },
    {
      "icon_id": "16564500",
      "name": "收起",
      "font_class": "cangpeitubiao-shouqi",
      "unicode": "e62e",
      "unicode_decimal": 58926
    },
    {
      "icon_id": "19986458",
      "name": "收起",
      "font_class": "shouqi",
      "unicode": "e7c3",
      "unicode_decimal": 59331
    }
  ]
}
